{
	"credit": "Made with Blockbench",
	"texture_size": [32, 32],
	"textures": {
		"0": "item/shotgun",
		"particle": "item/shotgun"
	},
	"elements": [
		{
			"from": [7.426, 6.375, 5.4],
			"to": [8.574, 7.5, 11.4],
			"rotation": {"angle": 22.5, "axis": "x", "origin": [8, 7.375, 9.4]},
			"faces": {
				"north": {"uv": [2, 0, 3.125, 4.5], "rotation": 270, "texture": "#0"},
				"east": {"uv": [2, 0, 3.125, 4.5], "rotation": 270, "texture": "#0"},
				"south": {"uv": [2, 0, 3.125, 4.5], "rotation": 270, "texture": "#0"},
				"west": {"uv": [2, 0, 3.125, 4.5], "rotation": 270, "texture": "#0"},
				"up": {"uv": [2, 0, 3.125, 4.5], "rotation": 270, "texture": "#0"},
				"down": {"uv": [2, 0, 3.125, 4.5], "rotation": 180, "texture": "#0"}
			}
		},
		{
			"from": [7.45, 7.95195, 1.47836],
			"to": [8.55, 9.60195, 5.82836],
			"rotation": {"angle": 0, "axis": "y", "origin": [8, 5.10195, 5.22836]},
			"faces": {
				"north": {"uv": [0, 0, 2, 5], "rotation": 90, "texture": "#0"},
				"east": {"uv": [0, 0, 2, 5], "rotation": 90, "texture": "#0"},
				"south": {"uv": [0, 0, 1, 2], "texture": "#0"},
				"west": {"uv": [0, 0, 2, 5], "rotation": 90, "texture": "#0"},
				"up": {"uv": [0, 0, 1, 5], "texture": "#0"},
				"down": {"uv": [0, 0, 1, 5], "texture": "#0"}
			}
		},
		{
			"from": [7.45, 8.45195, -0.87164],
			"to": [8.55, 9.50195, 1.47836],
			"rotation": {"angle": 0, "axis": "y", "origin": [8, 5.10195, 0.87836]},
			"faces": {
				"north": {"uv": [10, 9, 11.1, 10.05], "texture": "#0"},
				"east": {"uv": [0, 1, 1.05, 3.35], "rotation": 270, "texture": "#0"},
				"south": {"uv": [10, 10, 11.1, 11.05], "texture": "#0"},
				"west": {"uv": [0.5, 1.5, 1.55, 3.85], "rotation": 90, "texture": "#0"},
				"up": {"uv": [1, 0.5, 2.1, 2.85], "texture": "#0"},
				"down": {"uv": [3, 5, 4.1, 7.35], "texture": "#0"}
			}
		},
		{
			"from": [7.65, 5.55195, 1.72836],
			"to": [8.35, 7.95195, 3.32836],
			"rotation": {"angle": 0, "axis": "y", "origin": [8, 3.45195, 5.22836]},
			"faces": {
				"north": {"uv": [4, 0, 4.5, 2.5], "texture": "#0"},
				"east": {"uv": [4, 0.5, 6.5, 2], "rotation": 270, "texture": "#0"},
				"south": {"uv": [4.5, 0, 5, 2.5], "texture": "#0"},
				"west": {"uv": [4, 0.5, 6.5, 2], "rotation": 90, "texture": "#0"},
				"up": {"uv": [1, 0.5, 1.7, 2.1], "texture": "#0"},
				"down": {"uv": [4, 4.5, 4.7, 6.1], "texture": "#0"}
			}
		},
		{
			"from": [7.65, 9.60195, 3.97836],
			"to": [8.35, 10.50195, 4.82836],
			"rotation": {"angle": 0, "axis": "x", "origin": [8, 6.75195, 7.72836]},
			"faces": {
				"north": {"uv": [0, 0, 0.5, 0.5], "texture": "#0"},
				"east": {"uv": [0, 0, 0.5, 0.5], "rotation": 270, "texture": "#0"},
				"south": {"uv": [0, 0, 0.5, 0.5], "texture": "#0"},
				"west": {"uv": [0, 0, 0.5, 0.5], "rotation": 90, "texture": "#0"},
				"up": {"uv": [0, 0, 0.5, 0.5], "texture": "#0"},
				"down": {"uv": [0, 0, 0.5, 0.5], "texture": "#0"}
			}
		},
		{
			"from": [7.65, 10.72695, 5.70336],
			"to": [8.35, 11.87695, 6.05336],
			"rotation": {"angle": -22.5, "axis": "x", "origin": [8, 8.12695, 8.95336]},
			"faces": {
				"north": {"uv": [0, 0, 0.5, 0.5], "texture": "#0"},
				"east": {"uv": [0, 0, 0.5, 0.5], "rotation": 270, "texture": "#0"},
				"south": {"uv": [0, 0, 0.5, 0.5], "texture": "#0"},
				"west": {"uv": [0, 0, 0.5, 0.5], "rotation": 90, "texture": "#0"},
				"up": {"uv": [0, 0, 0.5, 0.5], "texture": "#0"},
				"down": {"uv": [0, 0, 0.5, 0.5], "texture": "#0"}
			}
		},
		{
			"from": [7.65, 8.35195, 3.20336],
			"to": [8.35, 8.70195, 5.85336],
			"rotation": {"angle": -22.5, "axis": "x", "origin": [8, 4.95195, 0.35336]},
			"faces": {
				"north": {"uv": [0, 0, 0.5, 0.5], "rotation": 180, "texture": "#0"},
				"east": {"uv": [0, 0, 0.5, 0.5], "rotation": 180, "texture": "#0"},
				"south": {"uv": [0, 0, 0.5, 0.5], "texture": "#0"},
				"west": {"uv": [0, 0, 0.5, 0.5], "rotation": 180, "texture": "#0"},
				"up": {"uv": [0, 0, 0.5, 0.5], "rotation": 180, "texture": "#0"},
				"down": {"uv": [0, 0, 0.5, 0.5], "texture": "#0"}
			}
		},
		{
			"from": [7.425, 6.6, 8.675],
			"to": [8.575, 7.825, 11.825],
			"rotation": {"angle": 0, "axis": "y", "origin": [8, 7.6, 9.825]},
			"faces": {
				"north": {"uv": [7.15, 10.25, 6, 9], "rotation": 180, "texture": "#0"},
				"east": {"uv": [0, 0, 1.25, 3.15], "rotation": 90, "texture": "#0"},
				"south": {"uv": [3, 1, 4, 2], "texture": "#0"},
				"west": {"uv": [3, 2.375, 4, 5], "rotation": 270, "texture": "#0"},
				"up": {"uv": [3, 5, 4.15, 8.15], "texture": "#0"},
				"down": {"uv": [5, 3, 6.15, 6.15], "rotation": 180, "texture": "#0"}
			}
		},
		{
			"from": [7.425, 5.675, 10.875],
			"to": [8.575, 6.6, 11.825],
			"rotation": {"angle": 0, "axis": "y", "origin": [8, 6.35, 9.825]},
			"faces": {
				"north": {"uv": [3, 3, 4, 4], "texture": "#0"},
				"east": {"uv": [3, 3, 4, 4], "texture": "#0"},
				"south": {"uv": [3, 3, 4, 4], "texture": "#0"},
				"west": {"uv": [3, 4.25, 4, 5], "rotation": 270, "texture": "#0"},
				"up": {"uv": [3, 3, 4, 4], "texture": "#0"},
				"down": {"uv": [3, 3, 4, 4], "texture": "#0"}
			}
		},
		{
			"from": [7.425, 7.8, 5.775],
			"to": [8.575, 9.1, 11.825],
			"rotation": {"angle": 0, "axis": "y", "origin": [8, 8.85, 9.825]},
			"faces": {
				"north": {"uv": [2, 0, 3, 5], "rotation": 270, "texture": "#0"},
				"east": {"uv": [2, 0, 3, 5], "rotation": 270, "texture": "#0"},
				"south": {"uv": [3, 0, 4, 1], "texture": "#0"},
				"west": {"uv": [2, 0, 3, 5], "rotation": 270, "texture": "#0"},
				"up": {"uv": [2, 0, 3, 5], "rotation": 180, "texture": "#0"},
				"down": {"uv": [2, 0, 3, 5], "rotation": 270, "texture": "#0"}
			}
		},
		{
			"from": [7.475, 6, 4.75],
			"to": [8.525, 8.5, 5.75],
			"rotation": {"angle": -22.5, "axis": "x", "origin": [8, 7, 5]},
			"faces": {
				"north": {"uv": [2, 0, 3, 2.5], "texture": "#0"},
				"east": {"uv": [2, 0, 3, 2.5], "texture": "#0"},
				"south": {"uv": [2, 0, 3, 2.5], "texture": "#0"},
				"west": {"uv": [2, 0, 3, 2.5], "texture": "#0"},
				"up": {"uv": [2, 0, 3, 2.5], "texture": "#0"},
				"down": {"uv": [2, 0, 3, 2.5], "texture": "#0"}
			}
		},
		{
			"from": [7.475, 5.95, 5.025],
			"to": [8.525, 6.4, 6.075],
			"rotation": {"angle": 0, "axis": "y", "origin": [8, 8.05, 4.85]},
			"faces": {
				"north": {"uv": [2, 2, 3.05, 2.45], "texture": "#0"},
				"east": {"uv": [2, 2, 3.05, 2.45], "texture": "#0"},
				"south": {"uv": [2, 2, 3.05, 2.45], "texture": "#0"},
				"west": {"uv": [2, 2, 3.05, 2.45], "texture": "#0"},
				"up": {"uv": [2, 2, 3.05, 2.45], "texture": "#0"},
				"down": {"uv": [2, 2, 3.05, 2.45], "texture": "#0"}
			}
		},
		{
			"from": [7.825, 6.57695, 3.85336],
			"to": [8.175, 7.87695, 4.00336],
			"rotation": {"angle": 22.5, "axis": "x", "origin": [8, 6.67695, 6.55336]},
			"faces": {
				"north": {"uv": [2, 9.5, 2.35, 10.8], "rotation": 180, "texture": "#0"},
				"east": {"uv": [6, 2, 7.3, 2.15], "rotation": 90, "texture": "#0"},
				"south": {"uv": [3, 5, 3.35, 6.3], "texture": "#0"},
				"west": {"uv": [6, 3, 7.3, 3.15], "rotation": 270, "texture": "#0"},
				"up": {"uv": [10, 10, 10.35, 10.15], "texture": "#0"},
				"down": {"uv": [10, 9, 10.35, 9.15], "rotation": 180, "texture": "#0"}
			}
		},
		{
			"from": [7.65, 7.25195, 3.40336],
			"to": [8.35, 8.25195, 3.70336],
			"rotation": {"angle": 0, "axis": "y", "origin": [8, 4.75195, 3.50336]},
			"faces": {
				"north": {"uv": [10.5, 11, 11, 11.5], "texture": "#0"},
				"east": {"uv": [10.5, 11, 11, 11.5], "texture": "#0"},
				"south": {"uv": [10.5, 11, 11, 11.5], "texture": "#0"},
				"west": {"uv": [10.5, 11, 11, 11.5], "texture": "#0"},
				"up": {"uv": [10.5, 11, 11, 11.5], "texture": "#0"},
				"down": {"uv": [10.5, 11, 11, 11.5], "texture": "#0"}
			}
		},
		{
			"from": [7.65, 7.25195, 3.70336],
			"to": [8.35, 7.50195, 5.00336],
			"rotation": {"angle": 0, "axis": "y", "origin": [8, 4.75195, 3.80336]},
			"faces": {
				"north": {"uv": [10.5, 11, 11, 11.5], "texture": "#0"},
				"east": {"uv": [10.5, 11, 11, 11.5], "texture": "#0"},
				"south": {"uv": [10.5, 11, 11, 11.5], "texture": "#0"},
				"west": {"uv": [10.5, 11, 11, 11.5], "texture": "#0"},
				"up": {"uv": [10.5, 11, 11, 11.5], "texture": "#0"},
				"down": {"uv": [10.5, 11, 11, 11.5], "texture": "#0"}
			}
		},
		{
			"from": [7.6, 8.60195, -7.52164],
			"to": [8.4, 9.40195, -0.77164],
			"rotation": {"angle": 0, "axis": "y", "origin": [8, 4.85195, -3.52164]},
			"faces": {
				"north": {"uv": [4, 2, 5, 3], "texture": "#0"},
				"east": {"uv": [4, 0, 5, 9], "rotation": 90, "texture": "#0"},
				"south": {"uv": [7, 9, 7.8, 9.8], "texture": "#0"},
				"west": {"uv": [4, 0, 5, 9], "rotation": 90, "texture": "#0"},
				"up": {"uv": [4, 0, 5, 9], "texture": "#0"},
				"down": {"uv": [4, 0, 5, 9], "texture": "#0"}
			}
		},
		{
			"from": [7.75, 8.75195, -7.69664],
			"to": [8.25, 9.25195, -7.44664],
			"rotation": {"angle": 0, "axis": "y", "origin": [8, 5.00195, -3.44664]},
			"faces": {
				"north": {"uv": [6, 12, 6.5, 12.5], "texture": "#0"},
				"east": {"uv": [12, 6, 12.25, 6.5], "texture": "#0"},
				"south": {"uv": [7, 12, 7.5, 12.5], "texture": "#0"},
				"west": {"uv": [12, 7, 12.25, 7.5], "texture": "#0"},
				"up": {"uv": [8.5, 12.25, 8, 12], "texture": "#0"},
				"down": {"uv": [12.5, 8, 12, 8.25], "texture": "#0"}
			}
		},
		{
			"from": [7.9, 9.40195, -7.27164],
			"to": [8.1, 9.60195, -6.77164],
			"rotation": {"angle": 0, "axis": "y", "origin": [8, 4.85195, -3.52164]},
			"faces": {
				"north": {"uv": [4, 1, 4.5, 1.5], "texture": "#0"},
				"east": {"uv": [4, 1, 4.5, 1.5], "texture": "#0"},
				"south": {"uv": [4, 1, 4.5, 1.5], "texture": "#0"},
				"west": {"uv": [4, 1, 4.5, 1.5], "texture": "#0"},
				"up": {"uv": [4, 1, 4.5, 1.5], "texture": "#0"},
				"down": {"uv": [4, 1, 4.5, 1.5], "texture": "#0"}
			}
		}
	],
	"display": {
		"thirdperson_righthand": {
			"scale": [1.25, 1.25, 1.25]
		},
		"firstperson_righthand": {
			"translation": [0, -80, 0]
		},
		"ground": {
			"translation": [0, 0, 8.25],
			"scale": [1.5, 1.5, 1.5]
		},
		"gui": {
			"rotation": [-27, 149, 0],
			"translation": [3.75, -2.5, 0],
			"scale": [1.3, 1.3, 1.3]
		},
		"fixed": {
			"rotation": [90, 53, -90],
			"translation": [5, -3.75, 0],
			"scale": [1.15, 1.15, 1.15]
		}
	}
}