{
  "parent": "minecraft:item/handheld",
  "textures": {
    "layer0": "minecraft:item/crossbow"
  },
  "overrides": [
	{
      "predicate": {
        "custom_model_data": 0
      },
      "model": "item/placeholder"
	},
    {
      "predicate": {
        "custom_model_data": 1
      },
      "model": "item/pistol"
    },
	{
      "predicate": {
        "custom_model_data": 2
      },
      "model": "item/shotgun"
	},
	{
      "predicate": {
        "custom_model_data": 3
      },
      "model": "item/dbshotgun"
	},
	{
      "predicate": {
        "custom_model_data": 4
      },
      "model": "item/ar"
	}
  ]
}