{
	"credit": "Made with Blockbench",
	"textures": {
		"0": "item/shotgun",
		"particle": "item/shotgun"
	},
	"elements": [
		{
			"from": [7.425, 6.375, 7.4],
			"to": [8.575, 8.25, 11.4],
			"rotation": {"angle": 22.5, "axis": "x", "origin": [8, 7.375, 9.4]},
			"faces": {
				"north": {"uv": [7, 10, 6, 9], "rotation": 180, "texture": "#0"},
				"east": {"uv": [0, 0, 2, 5], "rotation": 90, "texture": "#0"},
				"south": {"uv": [9, 4, 8, 6], "texture": "#0"},
				"west": {"uv": [2, 0, 4, 3.5], "rotation": 270, "texture": "#0"},
				"up": {"uv": [3, 5, 4, 10], "texture": "#0"},
				"down": {"uv": [5, 3, 6, 7], "rotation": 180, "texture": "#0"}
			}
		},
		{
			"from": [7.425, 6.6, 8.775],
			"to": [8.575, 8.6, 11.825],
			"rotation": {"angle": 0, "axis": "x", "origin": [8, 7.6, 9.825]},
			"faces": {
				"north": {"uv": [7, 10, 6, 9], "rotation": 180, "texture": "#0"},
				"east": {"uv": [0, 0, 2, 5], "rotation": 90, "texture": "#0"},
				"south": {"uv": [8, 4, 7, 6], "texture": "#0"},
				"west": {"uv": [2, 0, 4, 5], "rotation": 270, "texture": "#0"},
				"up": {"uv": [3, 5, 4, 10], "texture": "#0"},
				"down": {"uv": [5, 3, 6, 7], "rotation": 180, "texture": "#0"}
			}
		},
		{
			"from": [7.425, 5.125, 9.25],
			"to": [8.575, 5.675, 10.575],
			"rotation": {"angle": -45, "axis": "x", "origin": [8, 7.375, 9.4]},
			"faces": {
				"north": {"uv": [8, 9, 9, 10], "texture": "#0"},
				"east": {"uv": [1.5, 4.5, 2, 5], "texture": "#0"},
				"south": {"uv": [9, 9, 10, 10], "texture": "#0"},
				"west": {"uv": [2, 4.5, 2.5, 5], "texture": "#0"},
				"up": {"uv": [6, 10.5, 5, 9], "texture": "#0"},
				"down": {"uv": [7, 9, 6, 10.5], "texture": "#0"}
			}
		},
		{
			"from": [7.1, 9.10195, -6.27164],
			"to": [7.9, 9.90195, 3.97836],
			"rotation": {"angle": 0, "axis": "y", "origin": [7.5, 5.35195, -7.27164]},
			"faces": {
				"north": {"uv": [9, 5, 10, 6], "texture": "#0"},
				"east": {"uv": [4, 0, 12, 1], "texture": "#0"},
				"south": {"uv": [7, 9, 8, 10], "texture": "#0"},
				"west": {"uv": [4, 1, 12, 2], "texture": "#0"},
				"up": {"uv": [5, 10, 4, 2], "texture": "#0"},
				"down": {"uv": [1, 8.5, 0, 13], "texture": "#0"}
			}
		},
		{
			"from": [7.25, 9.25195, -6.52164],
			"to": [7.75, 9.75195, -6.27164],
			"rotation": {"angle": 0, "axis": "y", "origin": [7.5, 5.50195, -7.27164]},
			"faces": {
				"north": {"uv": [6, 12, 6.5, 12.5], "texture": "#0"},
				"east": {"uv": [12, 6, 12.5, 6.5], "texture": "#0"},
				"south": {"uv": [7, 12, 7.5, 12.5], "texture": "#0"},
				"west": {"uv": [12, 7, 12.5, 7.5], "texture": "#0"},
				"up": {"uv": [8.5, 12.5, 8, 12], "texture": "#0"},
				"down": {"uv": [12.5, 8, 12, 8.5], "texture": "#0"}
			}
		},
		{
			"from": [8.1, 9.10195, -6.27164],
			"to": [8.9, 9.90195, 3.97836],
			"rotation": {"angle": 0, "axis": "y", "origin": [8.5, 5.35195, -7.27164]},
			"faces": {
				"north": {"uv": [9, 5, 10, 6], "texture": "#0"},
				"east": {"uv": [4, 0, 12, 1], "texture": "#0"},
				"south": {"uv": [7, 9, 8, 10], "texture": "#0"},
				"west": {"uv": [4, 1, 12, 2], "texture": "#0"},
				"up": {"uv": [5, 10, 4, 2], "texture": "#0"},
				"down": {"uv": [1, 8.5, 0, 13], "texture": "#0"}
			}
		},
		{
			"from": [8.25, 9.25195, -6.52164],
			"to": [8.75, 9.75195, -6.27164],
			"rotation": {"angle": 0, "axis": "y", "origin": [8.5, 5.50195, -7.27164]},
			"faces": {
				"north": {"uv": [6, 12, 6.5, 12.5], "texture": "#0"},
				"east": {"uv": [12, 6, 12.5, 6.5], "texture": "#0"},
				"south": {"uv": [7, 12, 7.5, 12.5], "texture": "#0"},
				"west": {"uv": [12, 7, 12.5, 7.5], "texture": "#0"},
				"up": {"uv": [8.5, 12.5, 8, 12], "texture": "#0"},
				"down": {"uv": [12.5, 8, 12, 8.5], "texture": "#0"}
			}
		},
		{
			"from": [7.45, 8.20195, 3.97836],
			"to": [8.55, 9.85195, 5.82836],
			"rotation": {"angle": 0, "axis": "y", "origin": [8, 5.35195, 5.22836]},
			"faces": {
				"north": {"uv": [10, 9, 11, 9.5], "texture": "#0"},
				"east": {"uv": [0, 1, 1, 4], "rotation": 270, "texture": "#0"},
				"south": {"uv": [10, 10, 11, 10.5], "texture": "#0"},
				"west": {"uv": [0.5, 1.5, 1.5, 4.5], "rotation": 90, "texture": "#0"},
				"up": {"uv": [1, 0.5, 1.5, 3.5], "texture": "#0"},
				"down": {"uv": [3, 5, 3.5, 8], "texture": "#0"}
			}
		},
		{
			"from": [7.45, 6.47695, 3.65336],
			"to": [8.55, 8.37695, 6.00336],
			"rotation": {"angle": 22.5, "axis": "x", "origin": [8, 3.87695, 8.40336]},
			"faces": {
				"north": {"uv": [10, 9, 11, 9.5], "texture": "#0"},
				"east": {"uv": [0, 0, 1, 1.5], "rotation": 270, "texture": "#0"},
				"south": {"uv": [10, 10, 11, 10.5], "texture": "#0"},
				"west": {"uv": [0.5, 0.5, 1.5, 2], "rotation": 90, "texture": "#0"},
				"up": {"uv": [1.5, 2, 1, 0.5], "texture": "#0"},
				"down": {"uv": [3, 10.5, 2, 12.5], "texture": "#0"}
			}
		},
		{
			"from": [7.65, 6.82695, 5.40336],
			"to": [8.35, 8.07695, 5.70336],
			"rotation": {"angle": 0, "axis": "y", "origin": [8, 4.07695, 5.50336]},
			"faces": {
				"north": {"uv": [10, 9, 10.5, 9.5], "texture": "#0"},
				"east": {"uv": [10, 9, 10.5, 9.5], "texture": "#0"},
				"south": {"uv": [10, 10, 11, 10.5], "texture": "#0"},
				"west": {"uv": [6, 3, 8, 3.5], "texture": "#0"},
				"up": {"uv": [2, 12.5, 1, 5], "texture": "#0"},
				"down": {"uv": [10.5, 9, 10, 9.5], "texture": "#0"}
			}
		},
		{
			"from": [7.65, 6.82695, 5.70336],
			"to": [8.35, 7.07695, 8.25336],
			"rotation": {"angle": 0, "axis": "y", "origin": [8, 4.32695, 6.30336]},
			"faces": {
				"north": {"uv": [10, 9, 11, 9.5], "texture": "#0"},
				"east": {"uv": [6, 2, 13.5, 2.5], "texture": "#0"},
				"south": {"uv": [10, 10, 11, 10.5], "texture": "#0"},
				"west": {"uv": [6, 3, 6.5, 3.5], "texture": "#0"},
				"up": {"uv": [2, 9.5, 3, 10.5], "texture": "#0"},
				"down": {"uv": [3, 5, 4, 6], "texture": "#0"}
			}
		},
		{
			"from": [7.825, 6.12695, 6.10336],
			"to": [8.175, 7.42695, 6.25336],
			"rotation": {"angle": 22.5, "axis": "x", "origin": [8, 6.22695, 8.80336]},
			"faces": {
				"north": {"uv": [2, 9.5, 3, 10.5], "rotation": 180, "texture": "#0"},
				"east": {"uv": [6, 2, 13.5, 2.5], "rotation": 90, "texture": "#0"},
				"south": {"uv": [3, 5, 4, 6], "texture": "#0"},
				"west": {"uv": [6, 3, 6.5, 3.5], "rotation": 270, "texture": "#0"},
				"up": {"uv": [10, 10, 11, 10.5], "texture": "#0"},
				"down": {"uv": [10, 9, 11, 9.5], "rotation": 180, "texture": "#0"}
			}
		},
		{
			"from": [7.425, 8.22695, -1.52164],
			"to": [8.575, 9.52695, 4.07836],
			"rotation": {"angle": 0, "axis": "y", "origin": [8, 5.85195, 0.97836]},
			"faces": {
				"north": {"uv": [10, 11, 11, 11.5], "texture": "#0"},
				"east": {"uv": [8, 6, 12.5, 7], "texture": "#0"},
				"south": {"uv": [11, 10, 12, 10.5], "texture": "#0"},
				"west": {"uv": [8, 6.5, 12.5, 7], "texture": "#0"},
				"up": {"uv": [12.5, 7, 8, 6], "rotation": 90, "texture": "#0"},
				"down": {"uv": [8, 4, 7, 7.5], "texture": "#0"}
			}
		},
		{
			"from": [7.425, 8.30195, -4.99664],
			"to": [8.575, 9.10195, -2.64664],
			"rotation": {"angle": 22.5, "axis": "x", "origin": [8, 5.42695, -2.24664]},
			"faces": {
				"north": {"uv": [10, 11, 11, 11.5], "texture": "#0"},
				"east": {"uv": [8, 6, 12.5, 7], "texture": "#0"},
				"south": {"uv": [11, 10, 12, 10.5], "texture": "#0"},
				"west": {"uv": [8, 6.5, 10, 7], "texture": "#0"},
				"up": {"uv": [12.5, 7, 8, 6], "rotation": 90, "texture": "#0"},
				"down": {"uv": [8, 4, 7, 7.5], "texture": "#0"}
			}
		},
		{
			"from": [7.9, 9.15195, -6.02164],
			"to": [8.1, 10.10195, -5.52164],
			"rotation": {"angle": 0, "axis": "y", "origin": [8, 5.35195, -7.27164]},
			"faces": {
				"north": {"uv": [11, 11, 11.5, 11.5], "texture": "#0"},
				"east": {"uv": [12, 0, 12.5, 0.5], "texture": "#0"},
				"south": {"uv": [12, 1, 12.5, 1.5], "texture": "#0"},
				"west": {"uv": [3, 12, 3.5, 12.5], "texture": "#0"},
				"up": {"uv": [4.5, 12.5, 4, 12], "texture": "#0"},
				"down": {"uv": [11.5, 4, 11, 4.5], "texture": "#0"}
			}
		}
	],
	"display": {
		"thirdperson_righthand": {
			"scale": [1.25, 1.25, 1.25]
		},
		"thirdperson_lefthand": {
			"scale": [1.25, 1.25, 1.25]
		},
		"firstperson_righthand": {
			"translation": [0, -80, 0]
		},
		"ground": {
			"translation": [0, 0, 9.75],
			"scale": [1.25, 1.25, 1.25]
		},
		"gui": {
			"rotation": [-27, 147, 0],
			"translation": [4.75, -3.25, 0],
			"scale": [1.1, 1.1, 1.1]
		},
		"fixed": {
			"rotation": [90, 50.75, -90],
			"translation": [5.75, -5.25, 0],
			"scale": [1.05, 1.05, 1.05]
		}
	}
}