{
	"credit": "Made with Blockbench",
	"textures": {
		"0": "item/pistol",
		"particle": "item/pistol"
	},
	"elements": [
		{
			"from": [7.425, 5, 7],
			"to": [8.575, 10, 9],
			"rotation": {"angle": -22.5, "axis": "x", "origin": [8, 7, 8]},
			"faces": {
				"north": {"uv": [5, 3, 6, 7], "texture": "#0"},
				"east": {"uv": [0, 0, 2, 5], "texture": "#0"},
				"south": {"uv": [3, 5, 4, 10], "texture": "#0"},
				"west": {"uv": [2, 0, 4, 5], "texture": "#0"},
				"up": {"uv": [6, 9, 5, 7], "texture": "#0"},
				"down": {"uv": [9, 4, 8, 6], "texture": "#0"}
			}
		},
		{
			"from": [7.425, 4.75, 7.85],
			"to": [8.575, 5.3, 9.175],
			"rotation": {"angle": 0, "axis": "x", "origin": [8, 7, 8]},
			"faces": {
				"north": {"uv": [8, 9, 9, 10], "texture": "#0"},
				"east": {"uv": [1.5, 4.5, 2, 5], "texture": "#0"},
				"south": {"uv": [9, 9, 10, 10], "texture": "#0"},
				"west": {"uv": [2, 4.5, 2.5, 5], "texture": "#0"},
				"up": {"uv": [6, 10.5, 5, 9], "texture": "#0"},
				"down": {"uv": [7, 9, 6, 10.5], "texture": "#0"}
			}
		},
		{
			"from": [7.425, 6.325, 9.675],
			"to": [8.575, 7.15, 10.225],
			"rotation": {"angle": 45, "axis": "x", "origin": [8, 7, 8]},
			"faces": {
				"north": {"uv": [3, 10, 4, 11], "texture": "#0"},
				"east": {"uv": [1, 4.5, 1.5, 5], "texture": "#0"},
				"south": {"uv": [10, 5, 11, 6], "texture": "#0"},
				"west": {"uv": [2, 4.5, 2.5, 5], "texture": "#0"},
				"up": {"uv": [11, 8, 10, 7], "texture": "#0"},
				"down": {"uv": [9, 10, 8, 11], "texture": "#0"}
			}
		},
		{
			"from": [7.4, 9.35195, 1.22836],
			"to": [8.6, 10.40195, 8.97836],
			"rotation": {"angle": 0, "axis": "x", "origin": [8, 5.85195, 5.22836]},
			"faces": {
				"north": {"uv": [9, 5, 10, 6], "texture": "#0"},
				"east": {"uv": [4, 0, 12, 1], "texture": "#0"},
				"south": {"uv": [7, 9, 8, 10], "texture": "#0"},
				"west": {"uv": [4, 1, 12, 2], "texture": "#0"},
				"up": {"uv": [5, 10, 4, 2], "texture": "#0"},
				"down": {"uv": [1, 8.5, 0, 13], "texture": "#0"}
			}
		},
		{
			"from": [7.65, 9.50195, 0.97836],
			"to": [8.35, 10.20195, 1.22836],
			"rotation": {"angle": 0, "axis": "y", "origin": [8, 5.85195, 5.22836]},
			"faces": {
				"north": {"uv": [6, 12, 6.5, 12.5], "texture": "#0"},
				"east": {"uv": [12, 6, 12.5, 6.5], "texture": "#0"},
				"south": {"uv": [7, 12, 7.5, 12.5], "texture": "#0"},
				"west": {"uv": [12, 7, 12.5, 7.5], "texture": "#0"},
				"up": {"uv": [8.5, 12.5, 8, 12], "texture": "#0"},
				"down": {"uv": [12.5, 8, 12, 8.5], "texture": "#0"}
			}
		},
		{
			"from": [7.55, 8.95195, 1.47836],
			"to": [8.45, 9.35195, 9.07836],
			"rotation": {"angle": 0, "axis": "y", "origin": [8, 5.85195, 5.22836]},
			"faces": {
				"north": {"uv": [10, 9, 11, 9.5], "texture": "#0"},
				"east": {"uv": [7, 2, 13.5, 2.5], "texture": "#0"},
				"south": {"uv": [10, 10, 11, 10.5], "texture": "#0"},
				"west": {"uv": [6, 3, 13.5, 3.5], "texture": "#0"},
				"up": {"uv": [2, 12.5, 1, 5], "texture": "#0"},
				"down": {"uv": [3, 5, 2, 12.5], "texture": "#0"}
			}
		},
		{
			"from": [7.65, 8.00195, 5.15336],
			"to": [8.35, 9.00195, 5.45336],
			"rotation": {"angle": 0, "axis": "y", "origin": [8, 5.50195, 5.25336]},
			"faces": {
				"north": {"uv": [10, 9, 10.5, 9.5], "texture": "#0"},
				"east": {"uv": [10, 9, 10.5, 9.5], "texture": "#0"},
				"south": {"uv": [10, 10, 11, 10.5], "texture": "#0"},
				"west": {"uv": [6, 3, 8, 3.5], "texture": "#0"},
				"up": {"uv": [2, 12.5, 1, 5], "texture": "#0"},
				"down": {"uv": [10.5, 9, 10, 9.5], "texture": "#0"}
			}
		},
		{
			"from": [7.65, 8.00195, 5.45336],
			"to": [8.35, 8.25195, 6.75336],
			"rotation": {"angle": 0, "axis": "y", "origin": [8, 5.50195, 5.55336]},
			"faces": {
				"north": {"uv": [10, 9, 11, 9.5], "texture": "#0"},
				"east": {"uv": [6, 2, 13.5, 2.5], "texture": "#0"},
				"south": {"uv": [10, 10, 11, 10.5], "texture": "#0"},
				"west": {"uv": [6, 3, 6.5, 3.5], "texture": "#0"},
				"up": {"uv": [2, 9.5, 3, 10.5], "texture": "#0"},
				"down": {"uv": [3, 5, 4, 6], "texture": "#0"}
			}
		},
		{
			"from": [7.825, 7.32695, 5.60336],
			"to": [8.175, 8.62695, 5.75336],
			"rotation": {"angle": 22.5, "axis": "x", "origin": [8, 7.42695, 8.30336]},
			"faces": {
				"north": {"uv": [2, 9.5, 3, 10.5], "rotation": 180, "texture": "#0"},
				"east": {"uv": [6, 2, 13.5, 2.5], "rotation": 90, "texture": "#0"},
				"south": {"uv": [3, 5, 4, 6], "texture": "#0"},
				"west": {"uv": [6, 3, 6.5, 3.5], "rotation": 270, "texture": "#0"},
				"up": {"uv": [10, 10, 11, 10.5], "texture": "#0"},
				"down": {"uv": [10, 9, 11, 9.5], "rotation": 180, "texture": "#0"}
			}
		},
		{
			"from": [7.425, 8.87695, 1.97836],
			"to": [8.575, 9.35195, 5.07836],
			"rotation": {"angle": 0, "axis": "y", "origin": [8, 5.85195, 4.72836]},
			"faces": {
				"north": {"uv": [10, 11, 11, 11.5], "texture": "#0"},
				"east": {"uv": [6, 8, 9.5, 8.5], "texture": "#0"},
				"south": {"uv": [11, 10, 12, 10.5], "texture": "#0"},
				"west": {"uv": [8, 6, 11.5, 6.5], "texture": "#0"},
				"up": {"uv": [7, 7.5, 6, 4], "texture": "#0"},
				"down": {"uv": [8, 4, 7, 7.5], "texture": "#0"}
			}
		},
		{
			"from": [7.9, 10.40195, 1.47836],
			"to": [8.1, 10.60195, 1.97836],
			"rotation": {"angle": 0, "axis": "y", "origin": [8, 5.85195, 5.22836]},
			"faces": {
				"north": {"uv": [11, 11, 11.5, 11.5], "texture": "#0"},
				"east": {"uv": [12, 0, 12.5, 0.5], "texture": "#0"},
				"south": {"uv": [12, 1, 12.5, 1.5], "texture": "#0"},
				"west": {"uv": [3, 12, 3.5, 12.5], "texture": "#0"},
				"up": {"uv": [4.5, 12.5, 4, 12], "texture": "#0"},
				"down": {"uv": [12.5, 4, 12, 4.5], "texture": "#0"}
			}
		},
		{
			"from": [7.525, 8.65195, 9.47836],
			"to": [7.95, 8.90195, 10.22836],
			"rotation": {"angle": -22.5, "axis": "x", "origin": [8, 5.90195, 5.22836]},
			"faces": {
				"north": {"uv": [5, 12, 5.5, 12.5], "texture": "#0"},
				"east": {"uv": [3, 11, 4, 11.5], "texture": "#0"},
				"south": {"uv": [12, 5, 12.5, 5.5], "texture": "#0"},
				"west": {"uv": [4, 11, 5, 11.5], "texture": "#0"},
				"up": {"uv": [11.5, 5, 11, 4], "texture": "#0"},
				"down": {"uv": [5.5, 11, 5, 12], "texture": "#0"}
			}
		},
		{
			"from": [8.05, 8.65195, 9.47836],
			"to": [8.475, 8.90195, 10.22836],
			"rotation": {"angle": -22.5, "axis": "x", "origin": [8.575, 5.90195, 5.22836]},
			"faces": {
				"north": {"uv": [9, 12, 9.5, 12.5], "texture": "#0"},
				"east": {"uv": [8, 11, 9, 11.5], "texture": "#0"},
				"south": {"uv": [12, 9, 12.5, 9.5], "texture": "#0"},
				"west": {"uv": [11, 8, 12, 8.5], "texture": "#0"},
				"up": {"uv": [9.5, 12, 9, 11], "texture": "#0"},
				"down": {"uv": [11.5, 9, 11, 10], "texture": "#0"}
			}
		},
		{
			"from": [7.55, 7.25195, 9.32836],
			"to": [8.45, 7.55195, 10.12836],
			"rotation": {"angle": -22.5, "axis": "x", "origin": [8, 5.45195, 5.32836]},
			"faces": {
				"north": {"uv": [11, 5, 12, 5.5], "texture": "#0"},
				"east": {"uv": [6, 11, 7, 11.5], "texture": "#0"},
				"south": {"uv": [7, 11, 8, 11.5], "texture": "#0"},
				"west": {"uv": [11, 7, 12, 7.5], "texture": "#0"},
				"up": {"uv": [11, 9, 10, 8], "texture": "#0"},
				"down": {"uv": [10, 10, 9, 11], "texture": "#0"}
			}
		}
	],
	"display": {
		"thirdperson_righthand": {
			"translation": [0, -0.25, 1.75],
			"scale": [1.25, 1.25, 1.25]
		},
		"firstperson_righthand": {
			"rotation": [0, -11, 0],
			"translation": [8.25, -80, 0],
			"scale": [2.5, 2.5, 2.5]
		},
		"ground": {
			"translation": [0, 1.25, 3],
			"scale": [1.25, 1.25, 1.25]
		},
		"gui": {
			"rotation": [18, 128, 0],
			"translation": [3.25, 0, 0],
			"scale": [1.75, 1.75, 1.75]
		},
		"head": {
			"translation": [0, 0, 0.75]
		},
		"fixed": {
			"rotation": [0, 90, 0],
			"translation": [5.25, 0, 0],
			"scale": [2, 2, 2]
		}
	}
}