{
	"credit": "Made with Blockbench",
	"textures": {
		"0": "item/shotgun",
		"particle": "item/shotgun"
	},
	"elements": [
		{
			"from": [7.425, 5, 7],
			"to": [8.575, 9, 9],
			"rotation": {"angle": -22.5, "axis": "x", "origin": [8, 7, 8]},
			"faces": {
				"north": {"uv": [5, 3, 6, 7], "texture": "#0"},
				"east": {"uv": [0, 0, 2, 5], "texture": "#0"},
				"south": {"uv": [3, 5, 4, 10], "texture": "#0"},
				"west": {"uv": [2, 0, 4, 5], "texture": "#0"},
				"up": {"uv": [7, 10, 6, 9], "texture": "#0"},
				"down": {"uv": [9, 4, 8, 6], "texture": "#0"}
			}
		},
		{
			"from": [7.425, 4.75, 7.85],
			"to": [8.575, 5.3, 9.175],
			"rotation": {"angle": 0, "axis": "x", "origin": [8, 7, 8]},
			"faces": {
				"north": {"uv": [8, 9, 9, 10], "texture": "#0"},
				"east": {"uv": [1.5, 4.5, 2, 5], "texture": "#0"},
				"south": {"uv": [9, 9, 10, 10], "texture": "#0"},
				"west": {"uv": [2, 4.5, 2.5, 5], "texture": "#0"},
				"up": {"uv": [6, 10.5, 5, 9], "texture": "#0"},
				"down": {"uv": [7, 9, 6, 10.5], "texture": "#0"}
			}
		},
		{
			"from": [7.425, 6.325, 9.675],
			"to": [8.575, 7.15, 10.225],
			"rotation": {"angle": 45, "axis": "x", "origin": [8, 7, 8]},
			"faces": {
				"north": {"uv": [3, 10, 4, 11], "texture": "#0"},
				"east": {"uv": [1, 4.5, 1.5, 5], "texture": "#0"},
				"south": {"uv": [10, 5, 11, 6], "texture": "#0"},
				"west": {"uv": [2, 4.5, 2.5, 5], "texture": "#0"},
				"up": {"uv": [11, 8, 10, 7], "texture": "#0"},
				"down": {"uv": [9, 10, 8, 11], "texture": "#0"}
			}
		},
		{
			"from": [7.6, 9.10195, -14.52164],
			"to": [8.4, 9.90195, 0.72836],
			"rotation": {"angle": 0, "axis": "x", "origin": [8, 5.35195, -10.52164]},
			"faces": {
				"north": {"uv": [9, 5, 10, 6], "texture": "#0"},
				"east": {"uv": [4, 0, 12, 1], "texture": "#0"},
				"south": {"uv": [7, 9, 8, 10], "texture": "#0"},
				"west": {"uv": [4, 1, 12, 2], "texture": "#0"},
				"up": {"uv": [5, 10, 4, 2], "texture": "#0"},
				"down": {"uv": [1, 8.5, 0, 13], "texture": "#0"}
			}
		},
		{
			"from": [7.6, 8.10195, -12.02164],
			"to": [8.4, 8.90195, 0.72836],
			"rotation": {"angle": 0, "axis": "y", "origin": [8, 4.35195, -10.52164]},
			"faces": {
				"north": {"uv": [9, 5, 10, 6], "texture": "#0"},
				"east": {"uv": [4, 0, 12, 1], "texture": "#0"},
				"south": {"uv": [7, 9, 8, 10], "texture": "#0"},
				"west": {"uv": [4, 1, 12, 2], "texture": "#0"},
				"up": {"uv": [5, 10, 4, 2], "texture": "#0"},
				"down": {"uv": [1, 8.5, 0, 13], "texture": "#0"}
			}
		},
		{
			"from": [7.75, 9.25195, -14.77164],
			"to": [8.25, 9.75195, -14.52164],
			"rotation": {"angle": 0, "axis": "y", "origin": [8, 5.50195, -10.52164]},
			"faces": {
				"north": {"uv": [6, 12, 6.5, 12.5], "texture": "#0"},
				"east": {"uv": [12, 6, 12.5, 6.5], "texture": "#0"},
				"south": {"uv": [7, 12, 7.5, 12.5], "texture": "#0"},
				"west": {"uv": [12, 7, 12.5, 7.5], "texture": "#0"},
				"up": {"uv": [8.5, 12.5, 8, 12], "texture": "#0"},
				"down": {"uv": [12.5, 8, 12, 8.5], "texture": "#0"}
			}
		},
		{
			"from": [7.45, 7.95195, 0.47836],
			"to": [8.55, 10.10195, 5.82836],
			"rotation": {"angle": 0, "axis": "y", "origin": [8, 5.35195, 5.22836]},
			"faces": {
				"north": {"uv": [10, 9, 11, 9.5], "texture": "#0"},
				"east": {"uv": [0, 1, 1, 4], "rotation": 270, "texture": "#0"},
				"south": {"uv": [10, 10, 11, 10.5], "texture": "#0"},
				"west": {"uv": [0.5, 1.5, 1.5, 4.5], "rotation": 90, "texture": "#0"},
				"up": {"uv": [1, 0.5, 1.5, 3.5], "texture": "#0"},
				"down": {"uv": [3, 5, 3.5, 8], "texture": "#0"}
			}
		},
		{
			"from": [7.45, 6.47695, 3.65336],
			"to": [8.55, 8.62695, 6.00336],
			"rotation": {"angle": 22.5, "axis": "x", "origin": [8, 3.87695, 8.40336]},
			"faces": {
				"north": {"uv": [10, 9, 11, 9.5], "texture": "#0"},
				"east": {"uv": [0, 0, 1, 1.5], "rotation": 270, "texture": "#0"},
				"south": {"uv": [10, 10, 11, 10.5], "texture": "#0"},
				"west": {"uv": [0.5, 0.5, 1.5, 2], "rotation": 90, "texture": "#0"},
				"up": {"uv": [1.5, 2, 1, 0.5], "texture": "#0"},
				"down": {"uv": [3, 5, 2, 12.5], "texture": "#0"}
			}
		},
		{
			"from": [7.65, 6.82695, 4.90336],
			"to": [8.35, 8.32695, 5.20336],
			"rotation": {"angle": 0, "axis": "y", "origin": [8, 4.32695, 5.00336]},
			"faces": {
				"north": {"uv": [10, 9, 10.5, 9.5], "texture": "#0"},
				"east": {"uv": [10, 9, 10.5, 9.5], "texture": "#0"},
				"south": {"uv": [10, 10, 11, 10.5], "texture": "#0"},
				"west": {"uv": [6, 3, 8, 3.5], "texture": "#0"},
				"up": {"uv": [2, 12.5, 1, 5], "texture": "#0"},
				"down": {"uv": [10.5, 9, 10, 9.5], "texture": "#0"}
			}
		},
		{
			"from": [7.65, 6.82695, 5.20336],
			"to": [8.35, 7.07695, 7.50336],
			"rotation": {"angle": 0, "axis": "y", "origin": [8, 4.32695, 5.80336]},
			"faces": {
				"north": {"uv": [10, 9, 11, 9.5], "texture": "#0"},
				"east": {"uv": [6, 2, 13.5, 2.5], "texture": "#0"},
				"south": {"uv": [10, 10, 11, 10.5], "texture": "#0"},
				"west": {"uv": [6, 3, 6.5, 3.5], "texture": "#0"},
				"up": {"uv": [2, 9.5, 3, 10.5], "texture": "#0"},
				"down": {"uv": [3, 5, 4, 6], "texture": "#0"}
			}
		},
		{
			"from": [7.825, 6.15195, 5.85336],
			"to": [8.175, 7.45195, 6.00336],
			"rotation": {"angle": 22.5, "axis": "x", "origin": [8, 6.25195, 8.55336]},
			"faces": {
				"north": {"uv": [2, 9.5, 3, 10.5], "rotation": 180, "texture": "#0"},
				"east": {"uv": [6, 2, 13.5, 2.5], "rotation": 90, "texture": "#0"},
				"south": {"uv": [3, 5, 4, 6], "texture": "#0"},
				"west": {"uv": [6, 3, 6.5, 3.5], "rotation": 270, "texture": "#0"},
				"up": {"uv": [10, 10, 11, 10.5], "texture": "#0"},
				"down": {"uv": [10, 9, 11, 9.5], "rotation": 180, "texture": "#0"}
			}
		},
		{
			"from": [7.425, 7.72695, -9.52164],
			"to": [8.575, 9.02695, -3.17164],
			"rotation": {"angle": 0, "axis": "y", "origin": [8, 5.35195, -6.27164]},
			"faces": {
				"north": {"uv": [10, 11, 11, 11.5], "texture": "#0"},
				"east": {"uv": [8, 6, 12.5, 7], "texture": "#0"},
				"south": {"uv": [11, 10, 12, 10.5], "texture": "#0"},
				"west": {"uv": [8, 6, 12.5, 7], "texture": "#0"},
				"up": {"uv": [12.5, 7, 8, 6], "rotation": 90, "texture": "#0"},
				"down": {"uv": [8, 4, 7, 7.5], "texture": "#0"}
			}
		},
		{
			"from": [7.9, 9.90195, -14.27164],
			"to": [8.1, 10.10195, -13.77164],
			"rotation": {"angle": 0, "axis": "y", "origin": [8, 5.35195, -10.52164]},
			"faces": {
				"north": {"uv": [11, 11, 11.5, 11.5], "texture": "#0"},
				"east": {"uv": [12, 0, 12.5, 0.5], "texture": "#0"},
				"south": {"uv": [12, 1, 12.5, 1.5], "texture": "#0"},
				"west": {"uv": [3, 12, 3.5, 12.5], "texture": "#0"},
				"up": {"uv": [4.5, 12.5, 4, 12], "texture": "#0"},
				"down": {"uv": [12.5, 4, 12, 4.5], "texture": "#0"}
			}
		}
	],
	"display": {
		"thirdperson_righthand": {
			"translation": [0, -0.25, 1.75],
			"scale": [1.25, 1.25, 1.25]
		},
		"firstperson_righthand": {
			"rotation": [0, -11, 0],
			"translation": [6, -80, 0],
			"scale": [2.5, 2.5, 2.5]
		},
		"ground": {
			"translation": [0, 1.25, 13.25],
			"scale": [1.25, 1.25, 1.25]
		},
		"gui": {
			"rotation": [-27, 147, 0],
			"translation": [5.5, -3.5, 0]
		},
		"head": {
			"translation": [0, 0, 0.75]
		},
		"fixed": {
			"rotation": [90, 48.25, -90],
			"translation": [7.25, -6.75, 0]
		}
	}
}